accuracy,f1_score
77.61437908496733,0.773186102247512
100.0,1.0
100.0,1.0
