accuracy,f1_score
88.27160493827161,0.8838106172867842
94.26807760141094,0.9413585112859302
88.35978835978835,0.8846226905770121
91.42351900972591,0.9137777363923365
97.3474801061008,0.9734260698319632
